"Bill of Material for "
"On 22-Mar-18 at 11:52:12 AM"

"Comment","Pattern","Quantity","Components"

"0R2/805","smd C0805_0.50","1","Rfb_bck","weerstand SMD805, 0R2"
"100R/603","smd C0603_0.45","1","Renh","weerstand SMD603, 100R"
"12K/603","smd C0603_0.45","1","Renb","weerstand SMD603, 12K"
"1K/603","smd C0603_0.45","1","Rfbb","weerstand SMD603, 1K"
"1K5/1206","smd C1206_0.55","1","Rsync","weerstand SMD1206, 1K5"
"220uF","smd C1210","1","Cout2","smd capaciteit, verp.1210, 220uF"
"47K/603","smd C0603_0.45","1","Rent","weerstand SMD603, 47K"
"5K6/603","smd C0603_0.45","1","Rfbt","weerstand SMD603, 5K6"
"BZT52C5V1","smd SOD-123","1","Dz_en","zenerdiode smd 400mW"
"CON CTB4P","contactbrug 4","1","CON_Vout","contactbrug vast 4 pin"
"CON JACK2.5/CLIFFDC10B","con jack2.5 mono wis (Cliff DC10B)","1","CON_VBAT","jack 2.5mm, mono, wisselcontact, Cliff DC10B"
"CSMD1206/3.3uF/16V","smd C1206 polar","1","Css","smd capaciteit, tantalium, verp.1206, 3.3uF/16V"
"CSMD3528/150uF/16V","smd EIA3528 polar","1","Cin1","smd capaciteit, tantalium, verp.3528, 150uF/16V"
"CSMD805/100uF","smd C0805_0.60","1","Cout1","smd capaciteit, verp.0805, 100uF"
"CSMD805/10uF","smd C0805_0.60","1","Cin2","smd capaciteit, verp.0805, 10uF"
"LMZ22003TZ","NDW","1","U1","3A SIMPLE SWITCHER Power Module With 20V Maximum Input Voltage"
